<?xml version="1.0" encoding="UTF-8"?>
<configuration>
    <appender name="CONSOLE" class="ch.qos.logback.core.ConsoleAppender">
        <encoder>
            <pattern>%d %5p [%t] %logger: %m %n</pattern>
        </encoder>
    </appender>
 
    <logger name="io.pivotal.pcf.demo">
        <level value="DEBUG" />
    </logger>
 
 	<logger name="org.apache">
        <level value="INFO" />
    </logger>
    
    <logger name="org.springframework">
        <level value="INFO" />
    </logger>
    
    <logger name="org.springframework.data.gemfire">
        <level value="DEBUG" />
    </logger>
 
    <root>
        <level value="INFO" />
        <appender-ref ref="CONSOLE" />
    </root>
</configuration>
